{
    "parent": "item/generated",
    "textures": {
        "layer0": "./key"
    },
    "display": {
        "thirdperson_righthand": {
            "rotation": [ 0, 90, 55 ],
            "translation": [ 0, 1, -1 ],
            "scale": [ 0.45, 0.45, 0.45 ]
        },
        "thirdperson_lefthand": {
            "rotation": [ 0, -90, -55 ],
            "translation": [ 0, 1, -1 ],
            "scale": [ 0.45, 0.45, 0.45 ]
        },
        "firstperson_righthand": {
            "rotation": [ 0, 90, 25 ],
            "translation": [ 1.13, 2.8, 1.13 ],
            "scale": [ 0.58, 0.58, 0.58 ]
        },
        "firstperson_lefthand": {
            "rotation": [ 0, -90, -25 ],
            "translation": [ 1.13, 2.8, 1.13 ],
            "scale": [ 0.58, 0.58, 0.58 ]
        }
    }
}
