{
    "parent": "item/generated",
    "textures": {
        "layer0": "./speed charm"
    },
    "display": {
        "thirdperson_righthand": {
            "rotation": [ 0, -90, 55 ],
            "translation": [ 0, 2, 1.4 ],
            "scale": [ 0.55, 0.55, 0.55 ]
        },
        "thirdperson_lefthand": {
            "rotation": [ 0, 90, -55 ],
            "translation": [ 0, 2, 1.4 ],
            "scale": [ 0.55, 0.55, 0.55 ]
        },
        "firstperson_righthand": {
            "rotation": [ 0, -90, 25 ],
            "translation": [ 1.13, 2.8, 1.13 ],
            "scale": [ 0.68, 0.68, 0.68 ]
        },
        "firstperson_lefthand": {
            "rotation": [ 0, 90, -25 ],
            "translation": [ 1.13, 2.8, 1.13 ],
            "scale": [ 0.68, 0.68, 0.68 ]
        }
    }
}
